Timestamp,Entered,Exited,Customers Inside
2026-09-04 19:17:09,0,0,0
2026-09-04 19:17:09,0,0,0
2026-09-04 19:17:09,0,0,0
2026-09-04 19:17:09,0,0,0
2026-09-04 19:17:10,0,0,0
2026-09-04 19:17:10,0,0,0
2026-09-04 19:17:10,0,0,0
2026-09-04 19:17:10,0,0,0
2026-09-04 19:17:10,1,0,1
2026-09-04 19:17:10,1,1,0
2026-09-04 19:17:10,1,1,0
2026-09-04 19:17:10,1,1,0
2026-09-04 19:17:10,1,1,0
2026-09-04 19:17:11,1,1,0
2026-09-04 19:17:11,1,1,0
2026-09-04 19:17:11,1,1,0
2026-09-04 19:17:11,1,1,0
2026-09-04 19:17:11,1,1,0
2026-09-04 19:17:11,1,1,0
2026-09-04 19:17:11,1,1,0
2026-09-04 19:17:11,1,1,0
2026-09-04 19:17:12,1,1,0
2026-09-04 19:17:12,1,1,0
2026-09-04 19:17:12,1,1,0
2026-09-04 19:17:12,1,1,0
2026-09-04 19:17:12,1,1,0
2026-09-04 19:17:12,1,1,0
2026-09-04 19:17:12,1,1,0
2026-09-04 19:17:12,1,1,0
2026-09-04 19:17:12,1,1,0
2026-09-04 19:17:13,1,1,0
2026-09-04 19:17:13,1,1,0
2026-09-04 19:17:13,1,1,0
2026-09-04 19:17:13,1,1,0
2026-09-04 19:17:13,1,1,0
2026-09-04 19:17:13,1,1,0
2026-09-04 19:17:13,1,1,0
2026-09-04 19:17:13,1,1,0
2026-09-04 19:17:14,1,1,0
2026-09-04 19:17:14,1,1,0
2026-09-04 19:17:14,1,1,0
2026-09-04 19:17:14,1,1,0
2026-09-04 19:17:14,1,1,0
2026-09-04 19:17:14,1,1,0
2026-09-04 19:17:14,1,1,0
2026-09-04 19:17:14,1,1,0
2026-09-04 19:17:14,1,1,0
2026-09-04 19:17:14,1,1,0
2026-09-04 19:17:15,1,1,0
2026-09-04 19:17:15,1,1,0
2026-09-04 19:17:15,1,1,0
2026-09-04 19:17:15,1,1,0
2026-09-04 19:17:15,1,1,0
2026-09-04 19:17:15,1,1,0
2026-09-04 19:17:15,1,1,0
2026-09-04 19:17:15,1,1,0
2026-09-04 19:17:15,1,1,0
2026-09-04 19:17:16,1,1,0
2026-09-04 19:17:16,1,1,0
2026-09-04 19:17:16,1,1,0
2026-09-04 19:17:16,1,1,0
2026-09-04 19:17:16,1,1,0
2026-09-04 19:17:16,1,1,0
2026-09-04 19:17:16,1,1,0
2026-09-04 19:17:16,1,1,0
2026-09-04 19:17:16,1,1,0
2026-09-04 19:17:16,1,1,0
2026-09-04 19:17:17,1,1,0
2026-09-04 19:17:17,1,1,0
2026-09-04 19:17:17,1,1,0
2026-09-04 19:17:17,1,1,0
2026-09-04 19:17:17,1,1,0
2026-09-04 19:17:17,1,1,0
2026-09-04 19:17:17,1,1,0
2026-09-04 19:17:17,1,1,0
2026-09-04 19:17:17,1,1,0
2026-09-04 19:17:18,1,1,0
2026-09-04 19:17:18,1,1,0
2026-09-04 19:17:18,1,1,0
2026-09-04 19:17:18,1,1,0
2026-09-04 19:17:18,1,1,0
2026-09-04 19:17:18,1,1,0
2026-09-04 19:17:18,1,1,0
2026-09-04 19:17:18,1,1,0
2026-09-04 19:17:18,1,1,0
2026-09-04 19:17:18,1,1,0
2026-09-04 19:17:19,1,1,0
2026-09-04 19:17:19,1,1,0
2026-09-04 19:17:19,1,1,0
2026-09-04 19:17:19,1,1,0
2026-09-04 19:17:19,1,1,0
2026-09-04 19:17:19,1,1,0
2026-09-04 19:17:19,1,1,0
2026-09-04 19:17:19,1,1,0
2026-09-04 19:17:19,1,1,0
2026-09-04 19:17:20,1,1,0
2026-09-04 19:17:20,1,1,0
2026-09-04 19:17:20,1,1,0
2026-09-04 19:17:20,1,1,0
2026-09-04 19:17:20,1,1,0
2026-09-04 19:17:20,1,1,0
2026-09-04 19:17:20,1,1,0
2026-09-04 19:17:20,1,1,0
2026-09-04 19:17:20,1,1,0
2026-09-04 19:17:20,1,1,0
2026-09-04 19:17:21,1,1,0
2026-09-04 19:17:21,1,1,0
2026-09-04 19:17:21,1,1,0
2026-09-04 19:17:21,1,1,0
2026-09-04 19:17:21,1,1,0
2026-09-04 19:17:21,1,1,0
2026-09-04 19:17:21,1,1,0
2026-09-04 19:17:21,1,1,0
2026-09-04 19:17:21,1,1,0
2026-09-04 19:17:21,1,1,0
2026-09-04 19:17:22,1,1,0
2026-09-04 19:17:22,1,1,0
2026-09-04 19:17:22,1,1,0
2026-09-04 19:17:22,1,1,0
2026-09-04 19:17:22,1,1,0
2026-09-04 19:17:22,1,1,0
2026-09-04 19:17:22,1,1,0
2026-09-04 19:17:22,1,1,0
2026-09-04 19:17:22,1,1,0
2026-09-04 19:17:23,1,1,0
2026-09-04 19:17:23,1,1,0
2026-09-04 19:17:23,1,1,0
2026-09-04 19:17:23,1,1,0
2026-09-04 19:17:23,1,1,0
2026-09-04 19:17:23,1,1,0
2026-09-04 19:17:23,1,1,0
2026-09-04 19:17:23,1,1,0
2026-09-04 19:17:23,1,1,0
2026-09-04 19:17:23,1,1,0
2026-09-04 19:17:24,1,1,0
2026-09-04 19:17:24,1,1,0
2026-09-04 19:17:24,1,1,0
2026-09-04 19:17:24,1,1,0
2026-09-04 19:17:24,1,1,0
2026-09-04 19:17:24,1,1,0
2026-09-04 19:17:24,1,1,0
2026-09-04 19:17:24,1,1,0
2026-09-04 19:17:24,1,1,0
2026-09-04 19:17:24,1,1,0
2026-09-04 19:17:25,1,1,0
2026-09-04 19:17:25,1,1,0
2026-09-04 19:17:25,1,1,0
2026-09-04 19:17:25,1,1,0
2026-09-04 19:17:25,1,1,0
2026-09-04 19:17:25,1,1,0
2026-09-04 19:17:25,1,1,0
2026-09-04 19:17:25,1,1,0
2026-09-04 19:17:25,1,1,0
2026-09-04 19:17:25,1,1,0
2026-09-04 19:17:26,1,1,0
2026-09-04 19:17:26,1,1,0
2026-09-04 19:17:26,1,1,0
2026-09-04 19:17:26,1,1,0
2026-09-04 19:17:26,1,1,0
2026-09-04 19:17:26,1,1,0
2026-09-04 19:17:26,1,1,0
2026-09-04 19:17:26,1,1,0
2026-09-04 19:17:26,1,1,0
2026-09-04 19:17:26,1,1,0
2026-09-04 19:17:27,1,1,0
2026-09-04 19:17:27,1,1,0
2026-09-04 19:17:27,1,1,0
2026-09-04 19:17:27,1,1,0
2026-09-04 19:17:27,1,1,0
2026-09-04 19:17:27,1,1,0
2026-09-04 19:17:27,1,1,0
2026-09-04 19:17:27,1,1,0
2026-09-04 19:17:27,1,1,0
2026-09-04 19:17:28,1,1,0
2026-09-04 19:17:28,1,1,0
2026-09-04 19:17:28,1,1,0
2026-09-04 19:17:28,1,1,0
2026-09-04 19:17:28,1,1,0
2026-09-04 19:17:28,1,1,0
2026-09-04 19:17:28,1,1,0
2026-09-04 19:17:28,1,1,0
2026-09-04 19:17:28,1,1,0
2026-09-04 19:17:28,1,1,0
2026-09-04 19:17:29,1,1,0
2026-09-04 19:17:29,1,1,0
2026-09-04 19:17:29,1,1,0
2026-09-04 19:17:29,1,1,0
2026-09-04 19:17:29,1,1,0
2026-09-04 19:17:29,1,1,0
2026-09-04 19:17:29,1,1,0
2026-09-04 19:17:29,1,1,0
2026-09-04 19:17:29,1,1,0
2026-09-04 19:17:29,1,1,0
2026-09-04 19:17:30,1,1,0
2026-09-04 19:17:30,1,1,0
2026-09-04 19:17:30,1,1,0
2026-09-04 19:17:30,1,1,0
2026-09-04 19:17:30,1,1,0
2026-09-04 19:17:30,1,1,0
2026-09-04 19:17:30,1,1,0
2026-09-04 19:17:30,1,1,0
2026-09-04 19:17:30,1,1,0
2026-09-04 19:17:30,1,1,0
2026-09-04 19:17:31,1,1,0
2026-09-04 19:17:31,1,1,0
2026-09-04 19:17:31,1,1,0
2026-09-04 19:17:31,1,1,0
2026-09-04 19:17:31,1,1,0
2026-09-04 19:17:31,1,1,0
2026-09-04 19:17:31,1,1,0
2026-09-04 19:17:31,1,1,0
2026-09-04 19:17:31,1,1,0
2026-09-04 19:17:32,1,1,0
2026-09-04 19:17:32,1,1,0
2026-09-04 19:17:32,1,1,0
2026-09-04 19:17:32,1,1,0
2026-09-04 19:17:32,1,1,0
2026-09-04 19:17:32,1,1,0
2026-09-04 19:17:32,1,1,0
2026-09-04 19:17:32,1,1,0
2026-09-04 19:17:32,1,1,0
2026-09-04 19:17:32,1,1,0
2026-09-04 19:17:33,1,1,0
2026-09-04 19:17:33,1,1,0
2026-09-04 19:17:33,1,1,0
2026-09-04 19:17:33,1,1,0
2026-09-04 19:17:33,1,1,0
2026-09-04 19:17:33,1,1,0
2026-09-04 19:17:33,1,1,0
2026-09-04 19:17:33,1,1,0
2026-09-04 19:17:33,1,1,0
2026-09-04 19:17:34,1,1,0
2026-09-04 19:17:34,1,1,0
2026-09-04 19:17:34,1,1,0
2026-09-04 19:17:34,1,1,0
2026-09-04 19:17:34,1,1,0
2026-09-04 19:17:34,1,1,0
2026-09-04 19:17:34,1,1,0
2026-09-04 19:17:34,1,1,0
2026-09-04 19:17:34,1,1,0
2026-09-04 19:17:35,1,1,0
2026-09-04 19:17:35,1,1,0
2026-09-04 19:17:35,1,1,0
2026-09-04 19:17:35,1,1,0
2026-09-04 19:17:35,1,1,0
2026-09-04 19:17:35,1,1,0
2026-09-04 19:17:35,1,1,0
2026-09-04 19:17:35,1,1,0
2026-09-04 19:17:35,1,1,0
2026-09-04 19:17:36,1,1,0
2026-09-04 19:17:36,1,1,0
2026-09-04 19:17:36,1,1,0
2026-09-04 19:17:36,1,1,0
2026-09-04 19:17:36,1,1,0
2026-09-04 19:17:36,1,1,0
2026-09-04 19:17:36,1,1,0
2026-09-04 19:17:36,1,1,0
2026-09-04 19:17:37,1,1,0
2026-09-04 19:17:37,1,1,0
2026-09-04 19:17:37,1,1,0
2026-09-04 19:17:37,1,1,0
2026-09-04 19:17:37,1,1,0
2026-09-04 19:17:37,1,1,0
2026-09-04 19:17:37,1,1,0
2026-09-04 19:17:37,1,1,0
2026-09-04 19:17:38,1,1,0
2026-09-04 19:17:38,1,1,0
2026-09-04 19:17:38,1,1,0
2026-09-04 19:17:38,1,1,0
2026-09-04 19:17:38,1,1,0
2026-09-04 19:17:38,1,1,0
2026-09-04 19:17:38,1,1,0
2026-09-04 19:17:38,1,1,0
2026-09-04 19:17:38,1,1,0
2026-09-04 19:17:38,1,1,0
2026-09-04 19:17:39,1,1,0
2026-09-04 19:17:39,1,1,0
2026-09-04 19:17:39,1,1,0
2026-09-04 19:17:39,1,1,0
2026-09-04 19:17:39,1,1,0
2026-09-04 19:17:39,1,1,0
2026-09-04 19:17:39,1,1,0
2026-09-04 19:17:39,1,1,0
2026-09-04 19:17:40,1,1,0
2026-09-04 19:17:40,1,1,0
2026-09-04 19:17:40,1,1,0
2026-09-04 19:17:40,1,1,0
2026-09-04 19:17:40,1,1,0
2026-09-04 19:17:40,1,1,0
2026-09-04 19:17:40,1,1,0
2026-09-04 19:17:40,1,1,0
2026-09-04 19:17:40,1,1,0
2026-09-04 19:17:41,1,1,0
2026-09-04 19:17:41,1,1,0
2026-09-04 19:17:41,1,1,0
2026-09-04 19:17:41,1,1,0
2026-09-04 19:17:41,1,1,0
2026-09-04 19:17:41,1,1,0
2026-09-04 19:17:41,1,1,0
2026-09-04 19:17:41,1,1,0
2026-09-04 19:17:41,1,1,0
2026-09-04 19:17:42,1,1,0
2026-09-04 19:17:42,1,1,0
2026-09-04 19:17:42,1,1,0
2026-09-04 19:17:42,1,1,0
2026-09-04 19:17:42,1,1,0
2026-09-04 19:17:42,1,1,0
2026-09-04 19:17:42,1,1,0
2026-09-04 19:17:42,1,1,0
2026-09-04 19:17:42,1,1,0
2026-09-04 19:17:42,1,1,0
2026-09-04 19:17:43,1,1,0
2026-09-04 19:17:43,1,1,0
2026-09-04 19:17:43,1,1,0
2026-09-04 19:17:43,1,1,0
2026-09-04 19:17:43,1,1,0
2026-09-04 19:17:43,1,1,0
2026-09-04 19:17:43,1,1,0
2026-09-04 19:17:43,1,1,0
2026-09-04 19:17:43,1,1,0
2026-09-04 19:17:44,1,1,0
2026-09-04 19:17:44,1,1,0
2026-09-04 19:17:44,1,1,0
2026-09-04 19:17:44,1,1,0
2026-09-04 19:17:44,1,1,0
2026-09-04 19:17:44,1,1,0
2026-09-04 19:17:44,1,1,0
2026-09-04 19:17:44,1,1,0
2026-09-04 19:17:44,1,1,0
2026-09-04 19:17:45,1,1,0
2026-09-04 19:17:45,1,1,0
2026-09-04 19:17:45,1,1,0
2026-09-04 19:17:45,1,1,0
2026-09-04 19:17:45,1,1,0
2026-09-04 19:17:45,1,1,0
2026-09-04 19:17:45,1,1,0
2026-09-04 19:17:45,1,1,0
2026-09-04 19:17:45,1,1,0
2026-09-04 19:17:46,1,1,0
2026-09-04 19:17:46,1,1,0
2026-09-04 19:17:46,1,1,0
2026-09-04 19:17:46,1,1,0
2026-09-04 19:17:46,1,1,0
2026-09-04 19:17:46,1,1,0
2026-09-04 19:17:46,1,1,0
2026-09-04 19:17:46,1,1,0
2026-09-04 19:17:46,1,1,0
2026-09-04 19:17:47,1,1,0
2026-09-04 19:17:47,1,1,0
2026-09-04 19:17:47,1,1,0
2026-09-04 19:17:47,1,1,0
2026-09-04 19:21:53,0,0,0
2026-09-04 19:21:53,0,0,0
2026-09-04 19:21:53,0,0,0
2026-09-04 19:21:53,0,0,0
2026-09-04 19:21:53,0,0,0
2026-09-04 19:21:53,0,0,0
2026-09-04 19:21:54,0,0,0
2026-09-04 19:21:54,0,0,0
2026-09-04 19:21:54,0,0,0
2026-09-04 19:21:54,0,0,0
2026-09-04 19:21:54,0,0,0
2026-09-04 19:21:54,0,0,0
2026-09-04 19:21:54,0,0,0
2026-09-04 19:21:54,0,0,0
2026-09-04 19:21:55,0,0,0
2026-09-04 19:21:55,0,0,0
2026-09-04 19:21:55,0,0,0
2026-09-04 19:21:55,0,0,0
2026-09-04 19:21:55,0,0,0
2026-09-04 19:21:55,0,0,0
2026-09-04 19:21:55,0,0,0
2026-09-04 19:21:55,0,0,0
2026-09-04 19:21:56,0,0,0
2026-09-04 19:21:56,0,0,0
2026-09-04 19:21:56,1,0,1
2026-09-04 19:21:56,1,0,1
2026-09-04 19:21:56,1,0,1
2026-09-04 19:21:56,1,0,1
2026-09-04 19:21:56,1,0,1
2026-09-04 19:21:56,1,0,1
2026-09-04 19:21:57,1,0,1
2026-09-04 19:21:57,1,0,1
2026-09-04 19:21:57,1,0,1
2026-09-04 19:21:57,1,0,1
2026-09-04 19:21:57,1,0,1
2026-09-04 19:21:57,1,0,1
2026-09-04 19:21:57,1,0,1
2026-09-04 19:21:57,1,0,1
2026-09-04 19:21:58,1,1,0
2026-09-04 19:21:58,1,1,0
2026-09-04 19:21:58,1,1,0
2026-09-04 19:21:58,1,1,0
2026-09-04 19:21:58,1,1,0
2026-09-04 19:21:58,1,1,0
2026-09-04 19:21:58,1,1,0
2026-09-04 19:21:58,1,1,0
2026-09-04 19:21:58,1,1,0
2026-09-04 19:21:59,1,1,0
2026-09-04 19:21:59,1,1,0
2026-09-04 19:21:59,1,1,0
2026-09-04 19:21:59,1,1,0
2026-09-04 19:21:59,1,1,0
2026-09-04 19:21:59,1,1,0
2026-09-04 19:27:56,0,0,0
2026-09-04 19:27:56,0,0,0
2026-09-04 19:27:56,0,0,0
2026-09-04 19:27:56,1,0,1
2026-09-04 19:27:56,1,0,1
2026-09-04 19:27:56,1,0,1
2026-09-04 19:27:57,1,0,1
2026-09-04 19:27:57,1,0,1
2026-09-04 19:27:57,1,0,1
2026-09-04 19:27:57,1,1,0
2026-09-04 19:27:57,1,1,0
2026-09-04 19:27:57,1,1,0
2026-09-04 19:27:57,1,1,0
2026-09-04 19:27:57,1,1,0
2026-09-04 19:27:57,1,1,0
2026-09-04 19:27:58,1,1,0
2026-09-04 19:27:58,1,1,0
2026-09-04 19:27:58,1,1,0
2026-09-04 19:27:58,1,1,0
2026-09-04 19:27:58,1,1,0
2026-09-04 19:27:58,1,1,0
2026-09-04 19:27:58,1,1,0
2026-09-04 19:27:58,1,1,0
2026-09-04 19:27:59,1,1,0
2026-09-04 19:27:59,1,1,0
2026-09-04 19:36:16,0,1,-1
2026-09-04 19:36:17,1,1,0
2026-09-04 19:39:57,0,1,-1
2026-09-04 19:47:32,1,0,1
2026-09-04 19:47:49,1,1,0
