Date,Hour,Product_Category,Units_Sold,Revenue,Customer_Footfall,Discount,Promotion,High_Demand,Prediction_Probability
2026-08-01,10,Electronics,8,40000,12,5,1,Low Demand,3.0
2026-08-01,11,Clothing,15,22500,20,10,1,Low Demand,15.5
2026-08-01,12,Grocery,30,9000,35,5,0,High Demand,100.0
2026-08-01,13,Electronics,12,60000,18,10,1,Low Demand,0.5
2026-08-01,14,Clothing,10,15000,15,15,0,Low Demand,22.5
2026-08-01,15,Grocery,25,7500,30,5,0,High Demand,99.0
2026-08-01,16,Electronics,6,30000,10,0,0,Low Demand,1.5
2026-08-01,17,Clothing,18,27000,25,10,1,High Demand,88.0
2026-08-01,18,Grocery,35,10500,42,5,1,High Demand,99.5
2026-08-01,19,Electronics,15,75000,22,10,1,Low Demand,5.0
2026-08-02,10,Clothing,12,18000,16,5,0,Low Demand,24.5
2026-08-02,11,Grocery,28,8400,32,5,0,High Demand,99.5
2026-08-02,12,Electronics,10,50000,15,10,1,Low Demand,1.0
2026-08-02,13,Clothing,20,30000,27,15,1,High Demand,94.5
2026-08-02,14,Grocery,32,9600,38,5,1,High Demand,100.0
2026-08-02,15,Electronics,7,35000,11,0,0,Low Demand,1.5
2026-08-02,16,Clothing,14,21000,19,10,1,Low Demand,14.0
2026-08-02,17,Grocery,40,12000,48,5,1,High Demand,98.5
2026-08-02,18,Electronics,13,65000,20,10,1,Low Demand,2.5
2026-08-02,19,Clothing,22,33000,29,15,1,High Demand,93.5
2026-08-03,10,Grocery,20,6000,25,0,0,High Demand,95.5
2026-08-03,11,Electronics,9,45000,14,5,0,Low Demand,1.5
2026-08-03,12,Clothing,16,24000,21,10,1,High Demand,68.0
2026-08-03,13,Grocery,38,11400,45,5,1,High Demand,100.0
2026-08-03,14,Electronics,11,55000,17,10,1,Low Demand,0.5
2026-08-03,15,Clothing,13,19500,18,15,0,Low Demand,13.0
2026-08-03,16,Grocery,27,8100,33,5,0,High Demand,98.5
2026-08-03,17,Electronics,14,70000,21,10,1,Low Demand,5.0
2026-08-03,18,Clothing,19,28500,24,10,1,High Demand,89.5
2026-08-03,19,Grocery,42,12600,50,5,1,High Demand,98.5
